customerID,gender,SeniorCitizen,Partner,Dependents,tenure,PhoneService,MultipleLines,InternetService,OnlineSecurity,OnlineBackup,DeviceProtection,TechSupport,StreamingTV,StreamingMovies,Contract,PaperlessBilling,PaymentMethod,MonthlyCharges,TotalCharges,
8773-HHXXX,Female,Yes,No,Yes,6,Yes,Yes,DSL,Yes,Yes,Yes,Yes,Yes,Yes,Month-to-month,Yes,Electronic check,20,35,
5945-TMRGD,Female,No,No,Yes,1,Yes,No,Fiber optic,No,No,No,No,Yes,No,Month-to-month,Yes,Electronic check,80,90,
7942-YXOOG,Male,No,No,No,5,Yes,No,No,No internet service,No internet service,No internet service,No internet service,No internet service,No internet service,Month-to-month,No,Mailed check,20,115,
4598-ABCDE,Female,Yes,Yes,Yes,25,Yes,No,Fiber optic,No,Yes,Yes,No,Yes,No,One year,Yes,Electronic check,100,2500,
3192-NQECA,Male,No,Yes,No,68,Yes,Yes,Fiber optic,No,Yes,Yes,Yes,Yes,Yes,Two year,Yes,Bank transfer (automatic),117,600,